Rv0095c_Rv0095c	104941	T	Gly92Gln	missense_variant
Rv0095c_Rv0095c	104942	G	Gly92Gln	missense_variant
Rv0278c_Rv0278c	336081	G	Val77Thr	missense_variant
Rv0278c_Rv0278c	336082	T	Val77Thr	missense_variant
PE_PGRS4_Rv0279c	338844	G	Val77Thr	missense_variant
PE_PGRS4_Rv0279c	338845	T	Val77Thr	missense_variant
esxL_Rv1198	1341102	T	Arg33Ser	missense_variant
esxL_Rv1198	1341103	C	Arg33Ser	missense_variant
PE_PGRS28_Rv1452c	1636170	T	Ala687Asn	missense_variant
PE_PGRS28_Rv1452c	1636171	T	Ala687Asn	missense_variant
Rv2036_Rv2036	2282376	C	Val93Ala	missense_variant
Rv2036_Rv2036	2282377	C	Val93Ala	missense_variant
Rv2825c_Rv2825c	3133054	C	Cys162Ser	missense_variant
Rv2825c_Rv2825c	3133055	G	Cys162Ser	missense_variant
PPE55_Rv3347c	3750177	A	Asp1003Phe	missense_variant
PPE55_Rv3347c	3750178	A	Asp1003Phe	missense_variant
PPE55_Rv3347c	3750209	A	Thr2145Asn	missense_variant
PPE55_Rv3347c	3750210	T	Thr2145Asn	missense_variant
PPE60_Rv3478	3894999	T	Ile192Ser	missense_variant
PPE60_Rv3478	3895000	C	Ile192Ser	missense_variant
